{
    "beach": {
        "BasicVSR++_av1_40": 0.346807454853542,
        "BasicVSR++_av1_60": 0.06843474127163283,
        "BasicVSR++_x264_2000": 0.6643467070544914,
        "BasicVSR++_x264_500": 0.3108650178671788,
        "BasicVSR++_x265_2000": 0.6530461733394778,
        "BasicVSR++_x265_500": 0.3439272533374466,
        "COMISR_av1_40": 0.49304589003041494,
        "COMISR_av1_60": 0.15327100060480928,
        "COMISR_x264_2000": 0.7580781254577044,
        "COMISR_x264_500": 0.5013968834276665,
        "COMISR_x265_2000": 0.759885435884776,
        "COMISR_x265_500": 0.49047180571586363,
        "Real-ESRGAN_av1_40": 0.8792910969961621,
        "Real-ESRGAN_av1_60": 0.5373054878019521,
        "Real-ESRGAN_x264_2000": 0.964703260787196,
        "Real-ESRGAN_x264_500": 0.767022401954184,
        "Real-ESRGAN_x265_2000": 1.0,
        "Real-ESRGAN_x265_500": 0.819981595081408,
        "RealSR_av1_40": 0.427965399462175,
        "RealSR_av1_60": 0.16990029754160674,
        "RealSR_x264_2000": 0.7117370020891952,
        "RealSR_x264_500": 0.457571467288515,
        "RealSR_x265_2000": 0.7254697237438651,
        "RealSR_x265_500": 0.4687027466155674,
        "only-codec_av1_40": 0.8365696875331713,
        "only-codec_av1_60": 0.5331032006120204,
        "only-codec_x264_2000": 0.5437232496050792,
        "only-codec_x264_500": 0.10483197474939343,
        "only-codec_x265_2000": 0.6409945298651055,
        "only-codec_x265_500": 0.16661564796627565
    },
    "bridge": {
        "BasicVSR++_av1_40": 0.32995090626319906,
        "BasicVSR++_av1_60": 0.09376487107434356,
        "BasicVSR++_x264_2000": 0.4521347615042288,
        "BasicVSR++_x264_500": 0.4267663129191659,
        "BasicVSR++_x265_2000": 0.46330194145268055,
        "BasicVSR++_x265_500": 0.44954304751732216,
        "COMISR_av1_40": 0.6503258972287435,
        "COMISR_av1_60": 0.13257608073494648,
        "COMISR_x264_2000": 0.8289349850933151,
        "COMISR_x264_500": 0.8025437414837467,
        "COMISR_x265_2000": 0.8345273920244343,
        "COMISR_x265_500": 0.8221201529059265,
        "Real-ESRGAN_av1_40": 0.7469016379060375,
        "Real-ESRGAN_av1_60": 0.24916047380725073,
        "Real-ESRGAN_x264_2000": 1.0,
        "Real-ESRGAN_x264_500": 0.945671728720636,
        "Real-ESRGAN_x265_2000": 0.9919683558896817,
        "Real-ESRGAN_x265_500": 0.9966317382076497,
        "RealSR_av1_40": 0.5264110875096072,
        "RealSR_av1_60": 0.10094277446297308,
        "RealSR_x264_2000": 0.8515180198528071,
        "RealSR_x264_500": 0.7852784422965228,
        "RealSR_x265_2000": 0.9009507086468399,
        "RealSR_x265_500": 0.7908843398730879,
        "only-codec_av1_40": 0.8956590921640896,
        "only-codec_av1_60": 0.6178272723480546,
        "only-codec_x264_2000": 0.8982209834714587,
        "only-codec_x264_500": 0.4322402045596841,
        "only-codec_x265_2000": 0.8825965430299174,
        "only-codec_x265_500": 0.7653273568611997
    },
    "camera": {
        "BasicVSR++_av1_40": 0.2379023283796784,
        "BasicVSR++_av1_60": 0.08381148584970474,
        "BasicVSR++_x264_2000": 0.38882289187899205,
        "BasicVSR++_x264_500": 0.40017664260232777,
        "BasicVSR++_x265_2000": 0.4229267938630295,
        "BasicVSR++_x265_500": 0.42709734558284174,
        "COMISR_av1_40": 0.28955898225822796,
        "COMISR_av1_60": 0.12483621297950652,
        "COMISR_x264_2000": 0.5696859014132115,
        "COMISR_x264_500": 0.5170899236295162,
        "COMISR_x265_2000": 0.5766147552713365,
        "COMISR_x265_500": 0.500246298134164,
        "Real-ESRGAN_av1_40": 0.7356173006396863,
        "Real-ESRGAN_av1_60": 0.4960351142322895,
        "Real-ESRGAN_x264_2000": 0.9520634276214204,
        "Real-ESRGAN_x264_500": 0.9734604865288313,
        "Real-ESRGAN_x265_2000": 0.9866261032339049,
        "Real-ESRGAN_x265_500": 1.0,
        "RealSR_av1_40": 0.2350826938334686,
        "RealSR_av1_60": 0.12982838473285044,
        "RealSR_x264_2000": 0.4797271529733507,
        "RealSR_x264_500": 0.4691740419454503,
        "RealSR_x265_2000": 0.5197422168395833,
        "RealSR_x265_500": 0.46698659309776114,
        "only-codec_av1_40": 0.5817316610529251,
        "only-codec_av1_60": 0.39702743877473695,
        "only-codec_x264_2000": 0.6194104403733881,
        "only-codec_x264_500": 0.4060117292063647,
        "only-codec_x265_2000": 0.616415864155028,
        "only-codec_x265_500": 0.550103310768975
    },
    "cars": {
        "BasicVSR++_av1_40": 0.3062361522247742,
        "BasicVSR++_av1_60": 0.09212567263072219,
        "BasicVSR++_x264_2000": 0.4392477333000168,
        "BasicVSR++_x264_500": 0.32157408265283477,
        "BasicVSR++_x265_2000": 0.4636182573281649,
        "BasicVSR++_x265_500": 0.38837282674242524,
        "COMISR_av1_40": 0.5749044521835847,
        "COMISR_av1_60": 0.18808772370904472,
        "COMISR_x264_2000": 0.8591758581762923,
        "COMISR_x264_500": 0.7183453824157774,
        "COMISR_x265_2000": 0.8818474269127565,
        "COMISR_x265_500": 0.7190544769046088,
        "Real-ESRGAN_av1_40": 0.7798546300261697,
        "Real-ESRGAN_av1_60": 0.5553563318766395,
        "Real-ESRGAN_x264_2000": 1.0,
        "Real-ESRGAN_x264_500": 0.8841930432029085,
        "Real-ESRGAN_x265_2000": 0.9399091089231151,
        "Real-ESRGAN_x265_500": 0.8945466338787421,
        "RealSR_av1_40": 0.5497329173819167,
        "RealSR_av1_60": 0.21227362130089447,
        "RealSR_x264_2000": 0.8120712335830532,
        "RealSR_x264_500": 0.6561260211672169,
        "RealSR_x265_2000": 0.7952542332739548,
        "RealSR_x265_500": 0.668746824089247,
        "only-codec_av1_40": 0.8220828581620305,
        "only-codec_av1_60": 0.5932537133662599,
        "only-codec_x264_2000": 0.7738337275320363,
        "only-codec_x264_500": 0.2509460664079797,
        "only-codec_x265_2000": 0.8365069735089053,
        "only-codec_x265_500": 0.5566121256425685
    },
    "classroom": {
        "BasicVSR++_av1_40": 0.23415556900489617,
        "BasicVSR++_av1_60": 0.09107116729332386,
        "BasicVSR++_x264_2000": 0.6462354891008945,
        "BasicVSR++_x264_500": 0.2865719452871846,
        "BasicVSR++_x265_2000": 0.6972414857182114,
        "BasicVSR++_x265_500": 0.3536087847925219,
        "COMISR_av1_40": 0.5558690215718407,
        "COMISR_av1_60": 0.34787882223522915,
        "COMISR_x264_2000": 0.8922740988706254,
        "COMISR_x264_500": 0.6139050482349829,
        "COMISR_x265_2000": 0.8956749329792411,
        "COMISR_x265_500": 0.6751633858571222,
        "Real-ESRGAN_av1_40": 0.7117558227625815,
        "Real-ESRGAN_av1_60": 0.4194205123920541,
        "Real-ESRGAN_x264_2000": 0.9273665028461938,
        "Real-ESRGAN_x264_500": 0.7448175127213318,
        "Real-ESRGAN_x265_2000": 0.9578610308970414,
        "Real-ESRGAN_x265_500": 0.7807375578075738,
        "RealSR_av1_40": 0.6190932280010466,
        "RealSR_av1_60": 0.3351051633439308,
        "RealSR_x264_2000": 0.9723351329967089,
        "RealSR_x264_500": 0.7336281011687549,
        "RealSR_x265_2000": 0.9793702314771418,
        "RealSR_x265_500": 0.7508381522997535,
        "only-codec_av1_40": 1.0,
        "only-codec_av1_60": 0.7852123384869463,
        "only-codec_x264_2000": 0.9732814783363575,
        "only-codec_x264_500": 0.5584796856579276,
        "only-codec_x265_2000": 0.9682088932939065,
        "only-codec_x265_500": 0.5386366721482136
    },
    "constructor": {
        "BasicVSR++_av1_40": 0.36828057351692817,
        "BasicVSR++_av1_60": 0.21142114929211328,
        "BasicVSR++_x264_2000": 0.45920842675581824,
        "BasicVSR++_x264_500": 0.2686706594772963,
        "BasicVSR++_x265_2000": 0.4836773123496103,
        "BasicVSR++_x265_500": 0.33917824293327997,
        "COMISR_av1_40": 0.6101668365723047,
        "COMISR_av1_60": 0.3535832432717355,
        "COMISR_x264_2000": 0.837789343898513,
        "COMISR_x264_500": 0.5491755647782612,