{
    "beach": {
        "BasicVSR++_av1_40": 4.045211422209016,
        "BasicVSR++_av1_60": 0.798232544294169,
        "BasicVSR++_x264_2000": 7.749034370725059,
        "BasicVSR++_x264_500": 3.625973731079612,
        "BasicVSR++_x265_2000": 7.6172233400759755,
        "BasicVSR++_x265_500": 4.011616342552805,
        "COMISR_av1_40": 5.750957305305098,
        "COMISR_av1_60": 1.7877747253207503,
        "COMISR_x264_2000": 8.842330950824964,
        "COMISR_x264_500": 5.848364478664795,
        "COMISR_x265_2000": 8.863411676399778,
        "COMISR_x265_500": 5.7209328201758805,
        "Real-ESRGAN_av1_40": 10.256176270829215,
        "Real-ESRGAN_av1_60": 6.267207541400536,
        "Real-ESRGAN_x264_2000": 11.252435883267442,
        "Real-ESRGAN_x264_500": 8.94665826253813,
        "Real-ESRGAN_x265_2000": 11.66414206383575,
        "Real-ESRGAN_x265_500": 9.564381814760184,
        "RealSR_av1_40": 4.991849217733025,
        "RealSR_av1_60": 1.9817412072132647,
        "RealSR_x264_2000": 8.301801504456934,
        "RealSR_x264_500": 5.337178598811011,
        "RealSR_x265_2000": 8.461981920760117,
        "RealSR_x265_500": 5.467015422233988,
        "only-codec_av1_40": 9.757867681685592,
        "only-codec_av1_60": 6.218191466624136,
        "only-codec_x264_2000": 6.34206522680407,
        "only-codec_x264_500": 1.222775046309367,
        "only-codec_x265_2000": 7.4766512584881974,
        "only-codec_x265_500": 1.943428587936685
    },
    "bridge": {
        "BasicVSR++_av1_40": 2.2398132091339784,
        "BasicVSR++_av1_60": 0.6365061977357667,
        "BasicVSR++_x264_2000": 3.069236640671605,
        "BasicVSR++_x264_500": 2.8970274266416403,
        "BasicVSR++_x265_2000": 3.1450430612103206,
        "BasicVSR++_x265_500": 3.051643249921709,
        "COMISR_av1_40": 4.414622015594409,
        "COMISR_av1_60": 0.899969211202817,
        "COMISR_x264_2000": 5.627078131569801,
        "COMISR_x264_500": 5.4479258549125245,
        "COMISR_x265_2000": 5.6650411941873084,
        "COMISR_x265_500": 5.580816851901824,
        "Real-ESRGAN_av1_40": 5.070209303111513,
        "Real-ESRGAN_av1_60": 1.6913816868937186,
        "Real-ESRGAN_x264_2000": 6.788322646240282,
        "Real-ESRGAN_x264_500": 6.419524811983489,
        "Real-ESRGAN_x265_2000": 6.7338012546396655,
        "Real-ESRGAN_x265_500": 6.765457798436804,
        "RealSR_av1_40": 3.5734483065734413,
        "RealSR_av1_60": 0.6852321218613253,
        "RealSR_x264_2000": 5.780379057848492,
        "RealSR_x264_500": 5.330723433445778,
        "RealSR_x265_2000": 6.115944098653573,
        "RealSR_x265_500": 5.368778074917278,
        "only-codec_av1_40": 6.080022898648501,
        "only-codec_av1_60": 4.194010864345161,
        "only-codec_x264_2000": 6.097413843427521,
        "only-codec_x264_500": 2.9341859692280354,
        "only-codec_x265_2000": 5.991350100543373,
        "only-codec_x265_500": 5.1952890283681
    },
    "camera": {
        "BasicVSR++_av1_40": 1.2702995467557785,
        "BasicVSR++_av1_60": 0.4475184972460428,
        "BasicVSR++_x264_2000": 2.0761526240041013,
        "BasicVSR++_x264_500": 2.136776933551899,
        "BasicVSR++_x265_2000": 2.258253284926539,
        "BasicVSR++_x265_500": 2.280522297573376,
        "COMISR_av1_40": 1.5461246067951944,
        "COMISR_av1_60": 0.666573487727667,
        "COMISR_x264_2000": 3.0418859171626993,
        "COMISR_x264_500": 2.761045257910403,
        "COMISR_x265_2000": 3.078883116708667,
        "COMISR_x265_500": 2.671107299008536,
        "Real-ESRGAN_av1_40": 3.9278906177705317,
        "Real-ESRGAN_av1_60": 2.6486213273987125,
        "Real-ESRGAN_x264_2000": 5.083622967573909,
        "Real-ESRGAN_x264_500": 5.1978743682101065,
        "Real-ESRGAN_x265_2000": 5.26817328897781,
        "Real-ESRGAN_x265_500": 5.339584338697407,
        "RealSR_av1_40": 1.2552438702919866,
        "RealSR_av1_60": 0.6932296098379098,
        "RealSR_x264_2000": 2.561543592864399,
        "RealSR_x264_500": 2.505194366495287,
        "RealSR_x265_2000": 2.775207401196511,
        "RealSR_x265_500": 2.4935142988864643,
        "only-codec_av1_40": 3.106205266682627,
        "only-codec_av1_60": 2.119961494114729,
        "only-codec_x264_2000": 3.307394286643407,
        "only-codec_x264_500": 2.1679338705977576,
        "only-codec_x265_2000": 3.2914044943668164,
        "only-codec_x265_500": 2.9373230228476115
    },
    "cars": {
        "BasicVSR++_av1_40": 1.8326468670911038,
        "BasicVSR++_av1_60": 0.5513190526291336,
        "BasicVSR++_x264_2000": 2.6286445165308017,
        "BasicVSR++_x264_500": 1.9244355404480455,
        "BasicVSR++_x265_2000": 2.774488056508316,
        "BasicVSR++_x265_500": 2.324187523328089,
        "COMISR_av1_40": 3.440471791186967,
        "COMISR_av1_60": 1.1255966191107079,
        "COMISR_x264_2000": 5.1416723118026155,
        "COMISR_x264_500": 4.298883084213249,
        "COMISR_x265_2000": 5.277348583578736,
        "COMISR_x265_500": 4.303126606031256,
        "Real-ESRGAN_av1_40": 4.666980479348941,
        "Real-ESRGAN_av1_60": 3.3234875580133867,
        "Real-ESRGAN_x264_2000": 5.984423634430855,
        "Real-ESRGAN_x264_500": 5.2913857451428274,
        "Real-ESRGAN_x265_2000": 5.624814285656335,
        "Real-ESRGAN_x265_500": 5.353346017884509,
        "RealSR_av1_40": 3.2898346634049664,
        "RealSR_av1_60": 1.2703352762792979,
        "RealSR_x264_2000": 4.859778283095843,
        "RealSR_x264_500": 3.926536068238172,
        "RealSR_x265_2000": 4.759138228985844,
        "RealSR_x265_500": 4.0020642995302635,
        "only-codec_av1_40": 4.919692085845324,
        "only-codec_av1_60": 3.550281543482914,
        "only-codec_x264_2000": 4.630948848162444,
        "only-codec_x264_500": 1.5017675707793685,
        "only-codec_x265_2000": 5.006012102632918,
        "only-codec_x265_500": 3.331002759906183
    },
    "classroom": {
        "BasicVSR++_av1_40": 2.2181800172634825,
        "BasicVSR++_av1_60": 0.8627266235751436,
        "BasicVSR++_x264_2000": 6.121855886075994,
        "BasicVSR++_x264_500": 2.7147257921124446,
        "BasicVSR++_x265_2000": 6.605040987920723,
        "BasicVSR++_x265_500": 3.3497727330977733,
        "COMISR_av1_40": 5.265804956535876,
        "COMISR_av1_60": 3.2954922028576874,
        "COMISR_x264_2000": 8.452605182306028,
        "COMISR_x264_500": 5.815586262923943,
        "COMISR_x265_2000": 8.4848216369213,
        "COMISR_x265_500": 6.395892855595108,
        "Real-ESRGAN_av1_40": 6.742536809747517,
        "Real-ESRGAN_av1_60": 3.973214061797572,
        "Real-ESRGAN_x264_2000": 8.785039168767037,
        "Real-ESRGAN_x264_500": 7.0557336314807095,
        "Real-ESRGAN_x265_2000": 9.073916999201455,
        "Real-ESRGAN_x265_500": 7.396007948116071,
        "RealSR_av1_40": 5.8647344285300855,
        "RealSR_av1_60": 3.1744860059073794,
        "RealSR_x264_2000": 9.211031671219537,
        "RealSR_x264_500": 6.94973517406053,
        "RealSR_x265_2000": 9.27767588957016,
        "RealSR_x265_500": 7.112767775322581,
        "only-codec_av1_40": 9.473103828750281,
        "only-codec_av1_60": 7.438398010102652,
        "only-codec_x264_2000": 9.219996498879881,
        "only-codec_x264_500": 5.290536048485367,
        "only-codec_x265_2000": 9.171943374092578,
        "only-codec_x265_500": 5.102561121232553
    },
    "constructor": {
        "BasicVSR++_av1_40": 3.909229357279346,
        "BasicVSR++_av1_60": 2.24419592831029,
        "BasicVSR++_x264_2000": 4.874411500560433,
        "BasicVSR++_x264_500": 2.8518887636085744,
        "BasicVSR++_x265_2000": 5.134144141328586,
        "BasicVSR++_x265_500": 3.6003135651798295,
        "COMISR_av1_40": 6.4768067660703865,
        "COMISR_av1_60": 3.753219947607087,
        "COMISR_x264_2000": 8.89297707752518,
        "COMISR_x264_500": 5.829395831634771,
        "COMISR_x265_2000": 9.302169777682883,
        "COMISR_x265_500": 5.9597186596059,